没人会告诉你的PPT真相,ZX1,2017年2月9日,2017年3月26日,633
Office三剑客全能高手,JK2,2017年2月16日,2017年3月22日,3110
Onenote与知识管理,ZS1,2017年2月12日,2017年3月15日,927
玩转Excel就这三件事,WZ2,2017年2月11日,2017年3月12日,1403
Office三剑客全能高手,JK1短,2017年2月13日,2017年3月27日,3426
没人会告诉你的PPT真相,ZX3,2017年2月12日,2017年3月16日,2406
Onenote与知识管理,ZS2,2017年2月16日,2017年3月12日,647
玩转Excel就这三件事,WZ1,2017年2月16日,2017年3月29日,804
Onenote与知识管理,ZS4,2017年2月16日,2017年3月27日,2442
Onenote与知识管理,ZS3,2017年2月15日,2017年4月1日,1205
Office三剑客全能高手,JK1长,2017年2月14日,2017年3月27日,2374
没人会告诉你的PPT真相,ZX2,2017年2月9日,2017年3月18日,1515
